Sample Name,gene_2,gene_10,gene_20,gene_consensus,exon_2,exon_10,exon_20,exon_consensus
Norfolk-1,4.436619926504717,1.2922280068469458,0.6846945925091573,4.334033992307528,4.7907353303530575,1.4977647928473372,0.7857447366053794,4.684548323887972
