Sample Name,gene_2,gene_10,gene_20,gene_consensus,exon_2,exon_10,exon_20,exon_consensus
Warrior_10,3.673877245730267,0.2758290392102953,0.12002849937768476,3.621253913490785,3.6664828438562114,0.25832971554397866,0.11616037171318948,3.617202686159704
