Sample Name,gene_2,gene_10,gene_20,gene_consensus,exon_2,exon_10,exon_20,exon_consensus
Warrior_10,3.6836332567634287,0.2758290392102953,0.12002849937768476,3.6307142878259757,3.676847321466984,0.25832971554397866,0.11616037171318948,3.6275671637704843
